scan,ctemp,angle,intensity,shift,fitted_center,fitted_sigma,is_shifted
0,511.47961,15.56426,565.9504200000001,0.0,15.528814699345308,0.24078759422364426,False
0,511.47961,28.78227,261.6887,0.0,28.829296611576034,0.2900377308277132,False
0,511.47961,25.93968,222.89234000000002,0.0,25.910205046840915,0.27891133909186777,False
1,516.51782,15.56426,563.79408,0.0,15.527252057833302,0.24041549625260636,False
1,516.51782,28.78227,260.99012,0.0,28.829121926853933,0.2930963984749518,False
1,516.51782,25.93968,222.6578,0.0,25.909758895765442,0.27613478090741145,False
2,521.28119,15.56426,563.9906800000001,0.0,15.527032556332955,0.23909589432247047,False
2,521.28119,28.78227,259.64376000000004,0.0,28.827067917349986,0.2999351344179251,False
2,521.28119,25.93968,221.69062,0.0,25.908444058937434,0.27877584613152184,False
3,526.56451,15.56426,563.19666,0.0,15.527055891753786,0.23875415992689983,False
3,526.56451,28.78227,260.53280000000007,0.0,28.823262772013045,0.294327182744231,False
3,526.56451,25.93968,222.28305999999998,0.0,25.908007377768644,0.2755677439865348,False
4,533.01233,15.56426,566.04926,0.0,15.527034450965061,0.2376184725612499,False
4,533.01233,28.78227,260.30874000000006,0.0,28.822545727619975,0.30266950439568846,False
4,533.01233,25.93968,222.82408000000004,0.0,25.908446217325253,0.2762671632566647,False
5,538.96759,15.56426,570.0589000000001,0.0,15.526578620077716,0.23690841413659355,False
5,538.96759,28.78227,264.16824,0.0,28.817386635335797,0.2977967788423683,False
5,538.96759,25.93968,224.33292,0.0,25.907492849944955,0.2725356957951989,False
6,544.1214,15.56426,569.54338,0.0,15.526329458035587,0.2361974725075602,False
6,544.1214,28.74673,263.90872,-0.035540000000001015,28.804918309269368,0.2659733107882525,True
6,544.1214,25.93968,223.31778000000003,0.0,25.905692245497452,0.2754528372808737,False
7,549.02368,15.56426,568.5043999999999,0.0,15.526740215106381,0.23546873468508836,False
7,549.02368,28.74673,263.96562,0.0,28.801614091395535,0.26617573017604923,False
7,549.02368,25.93968,223.71095999999997,0.0,25.903939939898848,0.2736825245271247,False
8,554.1543,15.56426,568.74464,0.0,15.525384110700625,0.23503509838288858,False
8,554.1543,28.74673,263.75554,0.0,28.80102635175587,0.2715939045488171,False
8,554.1543,25.93968,224.2935,0.0,25.904444368113616,0.26928915984121626,False
9,559.8916,15.56426,568.58156,0.0,15.525918965351433,0.23377285834380815,False
9,559.8916,28.74673,263.85856,0.0,28.79582975429426,0.2673174171419399,False
9,559.8916,25.93968,223.27620000000002,0.0,25.90522689825609,0.2719493146734709,False
10,565.80219,15.56426,568.1664400000001,0.0,15.526126873210494,0.23411241746223574,False
10,565.80219,28.74673,264.96989999999994,0.0,28.792933804521688,0.26536007819926477,False
10,565.80219,25.93968,222.42705999999998,0.0,25.904151548823233,0.27268895895851025,False
11,571.52173,15.56426,567.57698,0.0,15.525011182916934,0.23335869339869328,False
11,571.52173,28.74673,263.66688,0.0,28.791575699286117,0.2703470635065921,False
11,571.52173,25.93968,223.96968,0.0,25.90392986308814,0.2676498679778042,False
12,577.48108,15.56426,568.29816,0.0,15.52615864273675,0.23033686300258188,False
12,577.48108,28.74673,264.15263999999996,0.0,28.788752189825733,0.26917898694074466,False
12,577.48108,25.93968,223.36640000000003,0.0,25.903407513009007,0.26716595869315407,False
13,582.81073,15.56426,574.5187400000001,0.0,15.52468805212108,0.2303839843578687,False
13,582.81073,28.74673,269.47411999999997,0.0,28.7852154776433,0.2669536559604785,False
13,582.81073,25.93968,225.48354,0.0,25.90184932855397,0.2697949482529275,False
14,588.28162,15.56426,576.61824,0.0,15.52534675029832,0.22906452080835304,False
14,588.28162,28.74673,268.26502,0.0,28.78296433251713,0.27140182478616376,False
14,588.28162,25.93968,226.05437999999998,0.0,25.901669852995305,0.2679945602721845,False
15,593.93658,15.56426,576.67852,0.0,15.524832226597825,0.2288644664049739,False
15,593.93658,28.7112,268.79422,-0.03552999999999784,28.76239077182243,0.23697737248499198,True
15,593.93658,25.93968,226.61471999999998,0.0,25.901288202636593,0.2634431839277429,False
16,599.36938,15.56426,576.7028,0.0,15.524917325856118,0.22696513200886081,False
16,599.36938,28.7112,271.46826,0.0,28.758546734947522,0.23302217837350434,False
16,599.36938,25.93968,226.26189999999997,0.0,25.89961612709234,0.26393192370840846,False
17,604.9613,15.56426,577.9436,0.0,15.52529113533293,0.22489415750191863,False
17,604.9613,28.7112,271.8096,0.0,28.756365665808055,0.23606810195967287,False
17,604.9613,25.93968,226.26895999999996,0.0,25.89949154778055,0.26183585607775167,False
18,610.87329,15.56426,577.5403600000001,0.0,15.524862155722195,0.22528747464010543,False
18,610.87329,28.7112,273.22002000000003,0.0,28.75212344373396,0.23371380557286645,False
18,610.87329,25.93968,227.15328,0.0,25.898791271300254,0.2596653424613885,False
19,616.73468,15.56426,579.3820200000001,0.0,15.523882978742117,0.2227981940201452,False
19,616.73468,28.7112,276.02084,0.0,28.746391550340462,0.22873246554059432,False
19,616.73468,25.93968,228.28972,0.0,25.900953399030097,0.25685721556985314,False
20,623.03223,15.56426,579.15338,0.0,15.524285990503003,0.2223116737362353,False
20,623.03223,28.7112,275.28426,0.0,28.74750679374865,0.2311911750206038,False
20,623.03223,25.93968,227.56444000000002,0.0,25.898194875852763,0.25613665612395536,False
21,628.37122,15.56426,586.98866,0.0,15.52383650640389,0.2212604795565825,False
21,628.37122,28.7112,280.94904,0.0,28.740238386681895,0.22917657408167136,False
21,628.37122,25.93968,231.19829999999996,0.0,25.89757501269685,0.2555164694066385,False
22,634.32953,15.56426,586.87402,0.0,15.523364536303866,0.21991640887776676,False
22,634.32953,28.7112,282.6183,0.0,28.736654315018473,0.23083004666622498,False
22,634.32953,25.93968,231.11370000000002,0.0,25.897623402170495,0.2533873738307697,False
23,640.79529,15.56426,589.899,0.0,15.52426934473038,0.21730415439088013,False
23,640.79529,28.7112,284.3165,0.0,28.73245990823392,0.22803743144479008,False
23,640.79529,25.93968,231.92948,0.0,25.897220666284664,0.25093232245556946,False
24,646.38263,15.56426,590.91542,0.0,15.524057809106287,0.21604570572930717,False
24,646.38263,28.7112,284.81692,0.0,28.731075622684067,0.22924020911972764,False
24,646.38263,25.93968,231.74686000000003,0.0,25.896938311877182,0.25101915440841815,False
25,650.89789,15.56426,592.18446,0.0,15.524161564254483,0.21491171126438044,False
25,650.89789,28.7112,286.49102,0.0,28.729250179446122,0.22854989886465865,False
25,650.89789,25.93968,233.38896,0.0,25.89808316466146,0.2461505917239289,False
26,656.79468,15.56426,590.6516799999999,0.0,15.523645219111414,0.2142023073155773,False
26,656.79468,28.67567,288.74766,-0.035530000000001394,28.71366021339285,0.20150956244305507,True
26,656.79468,25.93968,233.20896000000002,0.0,25.895790726242318,0.24525935814167668,False
27,662.87988,15.56426,592.9648,0.0,15.52381341832451,0.21186334226379377,False
27,662.87988,28.67567,289.58134,0.0,28.710196582975875,0.201216292022878,False
27,662.87988,25.93968,233.43732,0.0,25.89469307041534,0.24589964764716493,False
28,668.56299,15.56426,594.78124,0.0,15.52315888040069,0.21094039076642707,False
28,668.56299,28.67567,293.07856000000004,0.0,28.70678853556049,0.1969409649287868,False
28,668.56299,25.93968,234.6081,0.0,25.89476757681262,0.2429577773616503,False
29,673.3446,15.56426,602.71382,0.0,15.523361561909516,0.20978916461183544,False
29,673.3446,28.67567,297.21022,0.0,28.704068969555056,0.1969640540834666,False
29,673.3446,25.93968,237.09454,0.0,25.89457827074983,0.24255710910795278,False
30,680.2356,15.56426,606.10802,0.0,15.52379901932905,0.20755180504266693,False
30,680.2356,28.67567,302.56025999999997,0.0,28.70018891586216,0.19322787763301136,False
30,680.2356,25.93968,238.33253999999997,0.0,25.894931485903733,0.2384839461183089,False
31,685.1684,15.56426,608.2234799999999,0.0,15.524015175378345,0.20504726970975892,False
31,685.1684,28.67567,302.91306,0.0,28.6973998015618,0.19433032553857235,False
31,685.1684,25.93968,238.99816,0.0,25.89394452128064,0.23777587527808036,False
32,691.77441,15.56426,606.53,0.0,15.523774972858677,0.2047710435142076,False
32,691.77441,28.67567,306.20358,0.0,28.69429462561902,0.19202730510241459,False
32,691.77441,25.93968,239.6453,0.0,25.893228611529064,0.2348997205343171,False
33,697.44678,15.56426,606.56566,0.0,15.523359079567113,0.20342669770017435,False
33,697.44678,28.67567,305.88872000000003,0.0,28.690952073508612,0.19310740809014504,False
33,697.44678,25.93968,239.34196000000003,0.0,25.893718916323554,0.23358353349375427,False
34,703.43323,15.56426,607.7451199999999,0.0,15.523386798828268,0.20236395986762462,False
34,703.43323,28.67567,308.55267999999995,0.0,28.68891618321967,0.19122473312737462,False
34,703.43323,25.93968,239.66768000000002,0.0,25.89310267610289,0.23266511498979872,False
35,710.38812,15.56426,609.81604,0.0,15.524052212738468,0.2004962557014953,False
35,710.38812,28.67567,311.40252,0.0,28.6843789830143,0.18807094797934298,False
35,710.38812,25.93968,240.30156000000002,0.0,25.891447129972832,0.2305993377035675,False
36,716.30212,15.56426,609.19242,0.0,15.523314453975503,0.1996215597527873,False
36,716.30212,28.64014,311.68572,-0.035530000000001394,28.67303557671648,0.17263493707202596,True
36,716.30212,25.93968,241.13562000000002,0.0,25.892815772657304,0.22689995388901907,False
37,722.32489,15.56426,612.3677599999999,0.0,15.523488176057361,0.1983513247436773,False
37,722.32489,28.64014,314.72457999999995,0.0,28.6710356736837,0.17114484569232005,False
37,722.32489,25.93968,242.40742,0.0,25.89291224453064,0.22549952041314403,False
38,728.26678,15.56426,617.89784,0.0,15.523658982920443,0.19715180764061224,False
38,728.26678,28.64014,320.96873999999997,0.0,28.66834085271721,0.1691773261605453,False
38,728.26678,25.93968,243.25853999999998,0.0,25.89076064161114,0.2265424533056939,False
39,734.39148,15.56426,618.5997799999999,0.0,15.523532941233558,0.1949824247298325,False
39,734.39148,28.64014,323.11812000000003,0.0,28.665354275763164,0.1680206511812026,False
39,734.39148,25.93968,243.52310000000003,0.0,25.891645984952522,0.2230417621835516,False
40,740.45502,15.56426,619.6096,0.0,15.522997409706193,0.19378251166049437,False
40,740.45502,28.64014,326.17074,0.0,28.66192114722123,0.16659610882742257,False
40,740.45502,25.93968,243.77964000000003,0.0,25.891456699725772,0.22079947589487048,False
41,750.77979,15.56426,616.8275,0.0,15.523044514927989,0.1918806096385191,False
41,750.77979,28.64014,329.56752,0.0,28.658890880236825,0.16537419618106994,False
41,750.77979,25.93968,244.13642,0.0,25.89140549077331,0.2168478237243791,False
42,756.79272,15.56426,618.6366599999999,0.0,15.523795651475561,0.19025793971470153,False
42,756.79272,28.64014,332.2186,0.0,28.65516279681463,0.16473767616279317,False
42,756.79272,25.93968,243.37032,0.0,25.889783453573166,0.21601980901557039,False
43,762.72552,15.56426,616.9559,0.0,15.523268749445055,0.18904854258888668,False
43,762.72552,28.64014,332.70528,0.0,28.65375319334878,0.1647872676691908,False
43,762.72552,25.93968,243.00108,0.0,25.890807544993315,0.2154425870609121,False
44,768.68817,15.56426,613.98424,0.0,15.522838924999466,0.18814773888714892,False
44,768.68817,28.64014,331.96212,0.0,28.65168474312729,0.1660353928074755,False
44,768.68817,25.93968,242.55352000000002,0.0,25.89095866307543,0.21235130042092876,False
45,774.63019,15.56426,618.3251,0.0,15.523003179312774,0.18741078398200633,False
45,774.63019,28.64014,336.93704,0.0,28.649569049548887,0.16712299580615958,False
45,774.63019,25.93968,243.4773,0.0,25.88918479866407,0.21151700119952552,False
46,780.56378,15.56426,613.5413599999999,0.0,15.522773448120835,0.1866586070238091,False
46,780.56378,28.64014,334.73654,0.0,28.649660569566006,0.17143082802721227,False
46,780.56378,25.93968,241.86669999999998,0.0,25.88992352827303,0.20947428702542698,False
47,786.44873,15.56426,604.1611,0.0,15.522732838731992,0.18672893467559507,False
47,786.44873,28.64014,328.63,0.0,28.65127686413187,0.1784072742279086,False
47,786.44873,25.93968,238.44375999999997,0.0,25.88865320098708,0.20858056751895623,False
48,792.39862,15.56426,586.86484,0.0,15.523023302771284,0.18683940298107382,False
48,792.39862,28.6046,321.50388000000004,-0.03553999999999746,28.640181285471883,0.15955424045583697,True
48,792.39862,16.4881,231.93284,0.0,16.443410591405687,0.24745475633996072,False
49,798.35791,15.56426,557.68586,0.0,15.523183372641798,0.1887505881015323,False
49,798.35791,28.88886,346.83432,0.28425999999999974,28.856129348921876,0.14411431237699132,True
49,798.35791,28.6046,303.75952,0.0,28.648511436162888,0.17312538545260672,False
50,804.30292,15.56426,505.01242,0.0,15.522095654109773,0.19508606701893252,False
50,804.30292,28.88886,420.92312000000004,0.0,28.867838124410035,0.1230218780362163,False
50,804.30292,16.4881,285.95194,0.0,16.447977245426404,0.21796732941295918,False
51,810.26093,28.88886,531.4668600000001,0.0,28.875056969339933,0.10789958322122599,False
51,810.26093,15.56426,433.46180000000004,0.0,15.523299027647003,0.20791296629920547,False
51,810.26093,16.4881,338.113,0.0,16.45007221678916,0.20383299090484824,False
52,816.16248,28.88886,651.54512,0.0,28.877539259213762,0.09887957246978829,False
52,816.16248,16.4881,392.96590000000003,0.0,16.450850768592296,0.19368445535609716,False
52,816.16248,15.56426,353.83556,0.0,15.525933854363949,0.23426627602062136,False
53,819.6698,28.88886,750.92758,0.0,28.877343795669617,0.09378812076488187,False
53,819.6698,16.4881,441.27367999999996,0.0,16.45092439580773,0.1871732756881056,False
53,819.6698,15.56426,284.6424,0.0,15.531388170134917,0.28972775953641267,False
54,819.95148,28.88886,826.0317000000001,0.0,28.876249424636708,0.0913415603287119,False
54,819.95148,16.4881,477.80526,0.0,16.45155059573574,0.18311156946294807,False
54,819.95148,20.36112,254.15148,0.0,20.31712845455671,0.20826731987748598,False
55,820.01202,28.88886,875.976,0.0,28.87490846269333,0.0898374010140376,False
55,820.01202,16.4881,498.6651,0.0,16.451324456429976,0.18043798914788461,False
55,820.01202,20.36112,262.31098000000003,0.0,20.31574669587229,0.2041869150757147,False
56,820.00391,28.88886,901.7338400000001,0.0,28.8742633563383,0.08888390193676547,False
56,820.00391,16.4881,513.33458,0.0,16.450741428002633,0.178937990685584,False
56,820.00391,20.36112,268.34788000000003,0.0,20.31577047223648,0.20078808441106044,False
57,820.00928,28.88886,923.75198,0.0,28.873418592375582,0.08808381177277845,False
57,820.00928,16.4881,524.0947,0.0,16.450788972119046,0.17733702996698594,False
57,820.00928,20.36112,270.93444,0.0,20.314771816549104,0.19929928388433613,False
58,820.01178,28.88886,936.0764399999998,0.0,28.873212341339503,0.08795603454618488,False
58,820.01178,16.4881,529.34186,0.0,16.450967692798123,0.1769999906896161,False
58,820.01178,20.36112,274.35643999999996,0.0,20.314754768522242,0.19820223570184584,False
59,820.00513,28.88886,952.40266,0.0,28.873002829510323,0.08722687573320206,False
59,820.00513,16.4881,533.8917200000001,0.0,16.450824017927786,0.17690257665039663,False
59,820.00513,20.36112,276.58799999999997,0.0,20.314211683568455,0.19612625870766076,False
60,819.98438,28.88886,956.7458999999999,0.0,28.87329456104064,0.08698730455899617,False
60,819.98438,16.4881,535.03152,0.0,16.45037368060409,0.17643981672025974,False
60,819.98438,20.36112,277.4042,0.0,20.31394310292023,0.1961429642842268,False
61,819.99512,28.88886,965.66974,0.0,28.873381796463658,0.08672327723601685,False
61,819.99512,16.4881,537.51388,0.0,16.451246207451636,0.17593376380057332,False
61,819.99512,20.36112,279.01095999999995,0.0,20.31468497077572,0.19415101350895875,False
62,819.98053,28.88886,983.87854,0.0,28.87297238346745,0.0864205810649639,False
62,819.98053,16.4881,545.30346,0.0,16.450763199166136,0.17575716984401446,False
62,819.98053,20.36112,283.41814,0.0,20.314200767137695,0.1939911397068376,False
63,819.99982,28.88886,992.78694,0.0,28.87345671847583,0.08609447086071574,False
63,819.99982,16.4881,546.5156999999999,0.0,16.45111973299816,0.17574914056267113,False
63,819.99982,20.36112,284.25138000000004,0.0,20.314830358226075,0.19330441198605222,False
64,820.01477,28.88886,986.2139199999999,0.0,28.873370119264862,0.08604355268369178,False
64,820.01477,16.4881,547.64328,0.0,16.45123101264169,0.17553428582295494,False
64,820.01477,20.36112,283.03922,0.0,20.313163933928866,0.1938171958389457,False
65,820.03528,28.88886,993.0649599999999,0.0,28.873468116721185,0.08574435304680447,False
65,820.03528,16.4881,547.80576,0.0,16.45069232551685,0.17498094886541593,False
65,820.03528,20.36112,282.66592,0.0,20.315133979366653,0.19350299668642343,False
66,820.01562,28.88886,994.0119400000001,0.0,28.8735622557003,0.08573463359279146,False
66,820.01562,16.4881,547.4922200000001,0.0,16.45058838451025,0.17530047661040415,False
66,820.01562,20.36112,282.33092,0.0,20.31449038634359,0.19348178941968389,False
67,819.94733,28.88886,999.0199400000001,0.0,28.87359925607301,0.08546415230579049,False
67,819.94733,16.4881,549.0091,0.0,16.45133394142781,0.1743452907365288,False
67,819.94733,20.36112,282.99112,0.0,20.31463781895317,0.191799522475462,False
68,820.00311,28.88886,998.3971799999999,0.0,28.873862273294197,0.08527013448269892,False
68,820.00311,16.4881,549.6373799999999,0.0,16.451143022367926,0.17399237460326317,False
68,820.00311,20.36112,282.67726000000005,0.0,20.314332874435785,0.19241276923804498,False
69,820.02039,28.88886,1000.67196,0.0,28.873775658122106,0.08509842060915129,False
69,820.02039,16.4881,548.0686,0.0,16.45168832328541,0.17377327459528275,False
69,820.02039,20.36112,283.22554,0.0,20.31454515060971,0.19244180382956672,False
70,820.01288,28.88886,1008.13374,0.0,28.873839700091438,0.08501895804306582,False
70,820.01288,16.4881,554.11044,0.0,16.45153977469046,0.1747037429237693,False
70,820.01288,20.36112,286.69194,0.0,20.31543769777529,0.19128530053984655,False
71,819.99518,28.88886,1009.45002,0.0,28.874049369755973,0.0849277190248533,False
71,819.99518,16.4881,554.2519,0.0,16.45148725767297,0.17403394927431756,False
71,819.99518,20.36112,285.2469,0.0,20.314268566393523,0.1923547439187126,False
72,820.02161,28.88886,1012.1304400000001,0.0,28.87407770459085,0.08495932980388073,False
72,820.02161,16.4881,553.93642,0.0,16.452067187507808,0.17380076859350735,False
72,820.02161,20.36112,285.2088,0.0,20.315668218921417,0.19156039734453448,False
73,819.9751,28.88886,1012.7343199999999,0.0,28.87402853823821,0.08476808529864051,False
73,819.9751,16.4881,554.11688,0.0,16.451969922369035,0.17355339965250524,False
73,819.9751,20.36112,284.51542,0.0,20.315808282259805,0.19137201919089053,False
74,820.00488,28.88886,1010.54528,0.0,28.874121837335743,0.0847495168253162,False
74,820.00488,16.4881,552.8104599999999,0.0,16.451745364716217,0.17380012538008802,False
74,820.00488,20.36112,284.61854000000005,0.0,20.314717466989492,0.1914139206338942,False
75,819.98328,28.88886,1011.8377399999999,0.0,28.874486762528345,0.0847354769694133,False
75,819.98328,16.4881,553.3493599999999,0.0,16.45225712349367,0.17319414837981895,False
75,819.98328,20.36112,284.08065999999997,0.0,20.31455348727534,0.1919065329614128,False
76,819.95947,28.88886,1005.6713200000002,0.0,28.87409248332994,0.084660565671399,False
76,819.95947,16.4881,553.05598,0.0,16.4529263821292,0.17276476141093128,False
76,819.95947,20.36112,284.04928,0.0,20.31487002963023,0.1916905537912249,False
77,819.98901,28.88886,1008.8512799999999,0.0,28.873921545134884,0.08462539482693861,False
77,819.98901,16.4881,552.85712,0.0,16.452304515378255,0.1730564221342839,False
77,819.98901,20.36112,282.79319999999996,0.0,20.31520946623843,0.19255081550172,False
78,819.98358,28.88886,1017.2412599999998,0.0,28.87420831461162,0.08449649862454822,False
78,819.98358,16.4881,557.83722,0.0,16.451897181813983,0.17306778504989878,False
78,819.98358,20.36112,286.34442,0.0,20.31534979384286,0.19171457279910425,False
79,819.97699,28.88886,1023.17464,0.0,28.874438226509504,0.08453532834821173,False
79,819.97699,16.4881,556.95298,0.0,16.45198180185242,0.1730075676074456,False
79,819.97699,20.36112,285.82172,0.0,20.315007519575435,0.19117927201853313,False
80,819.98932,28.88886,1018.7536000000002,0.0,28.87449476662614,0.08419111260726421,False
80,819.98932,16.4881,556.2384000000001,0.0,16.45199095243943,0.17305508305082343,False
80,819.98932,20.36112,286.39892,0.0,20.315080232298932,0.19069261048657804,False
81,820.01178,28.88886,1018.3319600000001,0.0,28.874341116671093,0.08427240052963411,False
81,820.01178,16.4881,556.20766,0.0,16.45233278029106,0.1731276090791869,False
81,820.01178,20.36112,285.84427999999997,0.0,20.31561387269006,0.1905987259338555,False
82,819.97089,28.88886,1014.09806,0.0,28.87445114976443,0.08412541345413711,False
82,819.97089,16.4881,555.4241199999999,0.0,16.45246994207982,0.17270350025989734,False
82,819.97089,20.36112,286.41040000000004,0.0,20.316741114459706,0.18979992799038387,False
83,820.02942,28.88886,1016.8212800000001,0.0,28.874536825413585,0.08412658636998675,False
83,820.02942,16.4881,555.3244000000001,0.0,16.452436021641756,0.1727373675666439,False
83,820.02942,20.36112,285.79173999999995,0.0,20.31700135572686,0.18995227042562876,False
84,819.96948,28.88886,1015.16782,0.0,28.874892021886975,0.08401710619127192,False
84,819.96948,16.4881,553.3813,0.0,16.452150841392896,0.17285635039673392,False
84,819.96948,20.36112,286.02576,0.0,20.317071704096527,0.19017335431517193,False
85,819.99738,28.88886,1017.4130000000001,0.0,28.87466120775565,0.08408564879527293,False
85,819.99738,16.4881,552.80708,0.0,16.452181929528578,0.17298053935314459,False
85,819.99738,20.36112,284.8594,0.0,20.317286047341867,0.19010932047987505,False
86,819.97827,28.88886,1026.7018,0.0,28.874506337367418,0.08390079393799015,False
86,819.97827,16.4881,554.66686,0.0,16.452397190804245,0.17266023210972917,False
86,819.97827,20.36112,285.3496,0.0,20.31709331847452,0.1903236064628654,False
87,819.98053,28.88886,1031.50722,0.0,28.874451412095766,0.08385101790038409,False
87,819.98053,16.4881,558.5918,0.0,16.45235192392379,0.17287841828782957,False
87,819.98053,20.36112,287.93548,0.0,20.317832720360688,0.18945916714207903,False
88,819.98578,28.88886,1033.8806200000001,0.0,28.874810067725257,0.08377335163987369,False
88,819.98578,16.4881,558.70772,0.0,16.452001836363166,0.1724946762357659,False
88,819.98578,20.36112,286.68006,0.0,20.31647705728958,0.1911542997884542,False
89,820.00519,28.88886,1026.3443599999998,0.0,28.874391177062645,0.0837610144918468,False
89,820.00519,16.4881,558.45866,0.0,16.45271408801839,0.17253889222449134,False
89,820.00519,20.36112,286.52454,0.0,20.316574357081176,0.19034106594083045,False
90,820.00262,28.88886,1025.24918,0.0,28.874499946738897,0.08383119273854767,False
90,820.00262,16.4881,557.95796,0.0,16.45299708919334,0.1718035206249128,False
90,820.00262,20.36112,286.20176000000004,0.0,20.317036426312157,0.1895469462066484,False
91,819.97968,28.88886,1030.88432,0.0,28.875009013834333,0.08362186805310647,False
91,819.97968,16.4881,556.99854,0.0,16.453095795578378,0.17168821432816575,False
91,819.97968,20.36112,285.40442,0.0,20.317127989241378,0.1904698584362919,False
92,819.96832,28.88886,1023.23434,0.0,28.874478779427555,0.08364889483567833,False
92,819.96832,16.4881,556.13404,0.0,16.45265611557165,0.172339574162329,False
92,819.96832,20.36112,284.76135999999997,0.0,20.317256183663282,0.19002758363492142,False
93,819.97009,28.88886,1020.2503199999999,0.0,28.874689115954048,0.08368980254257774,False
93,819.97009,16.4881,554.48172,0.0,16.45299000588075,0.1719756292943926,False
93,819.97009,20.36112,284.10749999999996,0.0,20.31643394987553,0.19021122353894,False
94,819.99451,28.88886,1019.26852,0.0,28.874986658548575,0.08358645387801568,False
94,819.99451,16.4881,555.68076,0.0,16.453077650656876,0.171742871096901,False
94,819.99451,20.36112,283.76794,0.0,20.31558002348954,0.1912871802473837,False
95,820.02991,28.88886,1031.9191,0.0,28.874992941441956,0.08358392720230523,False
95,820.02991,16.4881,561.7888800000001,0.0,16.452720970376774,0.17193565408271977,False
95,820.02991,20.36112,286.48614000000003,0.0,20.31624529510848,0.19073472470610414,False
96,819.99377,28.88886,1021.4749199999999,0.0,28.875074459413504,0.08359870170022246,False
96,819.99377,16.4881,560.71246,0.0,16.453122696002314,0.17179571649211284,False
96,819.99377,20.36112,286.64792,0.0,20.31658639172235,0.19009712901880074,False
97,820.0271,28.88886,1024.14382,0.0,28.874951994963496,0.08350971870699635,False
97,820.0271,16.4881,561.27144,0.0,16.452642704817052,0.1720378632859271,False
97,820.0271,20.36112,286.46038,0.0,20.3169643899318,0.18992951477373024,False
98,820.02039,28.88886,1022.44758,0.0,28.875025012479878,0.08362272551651452,False
98,820.02039,16.4881,559.42328,0.0,16.452699783120753,0.17183055204294187,False
98,820.02039,20.36112,285.00448,0.0,20.315292129935905,0.1913469717542407,False
99,820.00562,28.88886,1021.58312,0.0,28.875161552648297,0.08345277096942016,False
99,820.00562,16.4881,558.42448,0.0,16.452432633471865,0.1723372831737849,False
99,820.00562,20.36112,286.12626,0.0,20.3161604045572,0.19029154140876967,False
100,819.98438,28.88886,1020.11138,0.0,28.875079153864306,0.08349975560280877,False
100,819.98438,16.4881,557.94868,0.0,16.452847112054442,0.17219570108993457,False
100,819.98438,20.36112,284.95676,0.0,20.316259388736732,0.19021294426772892,False
101,819.96289,28.88886,1020.9336999999999,0.0,28.875098086056703,0.08346621454726168,False
101,819.96289,16.4881,559.2988200000001,0.0,16.453397235036174,0.17128357043265116,False
101,819.96289,20.36112,285.1327,0.0,20.316715519582843,0.19042175834791877,False
102,819.99377,28.88886,1013.7945399999999,0.0,28.875244715918928,0.0833537685244857,False
102,819.99377,16.4881,558.88544,0.0,16.453258215264178,0.1711896210814996,False
102,819.99377,20.36112,284.18946,0.0,20.31644086266299,0.19035296649715636,False
103,819.98511,28.88886,1034.69926,0.0,28.875126829063422,0.08336810476795659,False
103,819.98511,16.4881,566.19842,0.0,16.453956972258283,0.17097136789149314,False
103,819.98511,20.36112,287.83744,0.0,20.316414179898157,0.1895890906505193,False
104,819.98022,28.88886,1033.3121800000001,0.0,28.875103976948306,0.08322759286991385,False
104,819.98022,16.4881,564.70238,0.0,16.453128315025108,0.17119979897602505,False
104,819.98022,20.36112,286.65256000000005,0.0,20.31664332741197,0.19038932428686328,False
105,819.97137,28.88886,1031.3732599999998,0.0,28.874993596975795,0.08336770140621046,False
105,819.97137,16.4881,563.0088,0.0,16.453597770207754,0.17121220234131365,False
105,819.97137,20.36112,286.43762000000004,0.0,20.316328689770447,0.19013708073571953,False
106,819.98431,28.88886,1031.82366,0.0,28.875478919448202,0.08312255618425715,False
106,819.98431,16.4881,562.18738,0.0,16.453950492542457,0.17089777579472654,False
106,819.98431,20.36112,286.77185999999995,0.0,20.316956470720545,0.1890892667696225,False
107,819.97827,28.88886,1029.20858,0.0,28.87510281964147,0.08311115126684658,False
107,819.97827,16.4881,560.9286999999999,0.0,16.45354437456315,0.1713633709242984,False
107,819.97827,20.36112,285.72748,0.0,20.31715272596732,0.18971566991518404,False
108,819.99731,28.88886,1028.03458,0.0,28.87474290476898,0.08305461959963656,False
108,819.99731,16.4881,559.5912,0.0,16.4536756883508,0.1709189694289834,False
108,819.99731,20.36112,286.09918,0.0,20.316839132226242,0.18888266871108125,False
109,820.02063,28.88886,1023.8977000000001,0.0,28.875281829751092,0.08322558744695281,False
109,820.02063,16.4881,558.64406,0.0,16.453655010669515,0.17110952734339963,False
109,820.02063,20.36112,283.82618,0.0,20.31631486092823,0.19014256933094967,False
110,819.99377,28.88886,1026.3510600000002,0.0,28.874905793676565,0.08314776312816616,False
110,819.99377,16.4881,558.2708,0.0,16.453387837934102,0.1711951412180894,False
110,819.99377,20.36112,284.93914,0.0,20.3165658295416,0.18906433978001516,False
111,820.0072,28.88886,1034.0900399999998,0.0,28.87524861164687,0.08306259857800907,False
111,820.0072,16.4881,564.84574,0.0,16.453931206195897,0.17076225498838188,False
111,820.0072,20.36112,288.11844,0.0,20.316177750372766,0.19053533424823058,False
112,820.00427,28.88886,1033.0194800000002,0.0,28.875163215098368,0.0830804814131094,False
112,820.00427,16.4881,562.61744,0.0,16.453610594089582,0.17118256955227407,False
112,820.00427,20.36112,287.63798,0.0,20.316879974523825,0.18980903435057792,False
113,819.96558,28.88886,1034.99272,0.0,28.87492659365447,0.08302092036711071,False
113,819.96558,16.4881,561.2946999999999,0.0,16.45354208948828,0.17142922508990308,False
113,819.96558,20.36112,287.18337999999994,0.0,20.31702006146596,0.1894467363973846,False
114,819.99219,28.88886,1036.12538,0.0,28.87523774175597,0.08303349617835816,False
114,819.99219,16.4881,559.2286200000001,0.0,16.45319011996391,0.1717736094675609,False
114,819.99219,20.36112,287.32318000000004,0.0,20.31689673343032,0.18949181408420135,False
115,819.97839,28.88886,1031.54088,0.0,28.875545732527925,0.08291249288404517,False
115,819.97839,16.4881,560.0293399999999,0.0,16.45399664379788,0.1712583949095166,False
115,819.97839,20.36112,285.54668000000004,0.0,20.317477446315564,0.18997062091722028,False
116,819.97443,28.88886,1029.88812,0.0,28.87519074087812,0.08295992816541688,False
116,819.97443,16.4881,558.43004,0.0,16.45318227956413,0.17146178774627627,False
116,819.97443,20.36112,285.90592,0.0,20.317361703163222,0.18883674553974522,False
117,820.01453,28.88886,1031.41936,0.0,28.875635464867976,0.08296203378891795,False
117,820.01453,16.4881,556.9337400000001,0.0,16.453614478272335,0.1723577155674279,False
117,820.01453,20.36112,285.39534,0.0,20.316075267147244,0.18966633230196,False
118,819.98621,28.88886,1034.09814,0.0,28.87528192610062,0.08289734243755176,False
118,819.98621,16.4881,557.9503,0.0,16.453873905932085,0.17151643442443665,False
118,819.98621,20.36112,284.98519999999996,0.0,20.316498429276592,0.1899116083649364,False
119,819.97699,28.88886,1034.4617600000001,0.0,28.875435497283377,0.08286867482319016,False
119,819.97699,16.4881,558.9358599999999,0.0,16.45396278315984,0.17148165489769315,False
119,819.97699,20.36112,286.21776000000006,0.0,20.31611250111262,0.19025838877685297,False
120,819.97662,28.88886,1035.19816,0.0,28.87516464713768,0.08281546104816494,False
120,819.97662,16.4881,560.68458,0.0,16.453188762792667,0.17191297489869312,False
120,819.97662,20.36112,287.66022,0.0,20.31646190058463,0.18982958800843425,False
121,819.96753,28.88886,1038.2320599999998,0.0,28.875225530651093,0.08280971783874237,False
121,819.96753,16.4881,562.1622199999999,0.0,16.453640277338586,0.17132058218353063,False
121,819.96753,20.36112,287.39462,0.0,20.317395549770424,0.1896968325945913,False
122,819.98132,28.88886,1036.0294600000002,0.0,28.87518965668316,0.08281901257591083,False
122,819.98132,16.4881,558.5186,0.0,16.45317789325763,0.17218104645482307,False
122,819.98132,20.36112,286.81522,0.0,20.31647850696897,0.18992564470895787,False
123,820.01562,28.88886,1031.2075399999999,0.0,28.87531768304096,0.08278105919913287,False
123,820.01562,16.4881,559.335,0.0,16.45333757569837,0.17172624828764174,False
123,820.01562,20.36112,286.02262,0.0,20.316904204829743,0.1902851468580985,False
124,820.0481,28.88886,1031.51844,0.0,28.875404147494706,0.08278753164457392,False
124,820.0481,16.4881,559.2620599999999,0.0,16.453666931504124,0.17170080376516103,False
124,820.0481,20.36112,285.08148,0.0,20.315851352511693,0.19090035961811364,False
125,820.00781,28.88886,1030.0174199999997,0.0,28.875218490549084,0.08272729728937173,False
125,820.00781,16.4881,559.56276,0.0,16.453629438705217,0.1709334282359837,False
125,820.00781,20.36112,285.14252,0.0,20.31709250026048,0.19051975806439286,False
126,820.00891,28.88886,1030.0792199999999,0.0,28.87546164390131,0.0827414799926764,False
126,820.00891,16.4881,557.20006,0.0,16.453606667528796,0.17144528695057645,False
126,820.00891,20.36112,284.04632000000004,0.0,20.316310848179842,0.19161728064501726,False
127,819.99768,28.88886,1028.12764,0.0,28.875225815931834,0.08271526101758503,False
127,819.99768,16.4881,556.80108,0.0,16.45354797581501,0.1718942333824374,False
127,819.99768,20.36112,283.82581999999996,0.0,20.315494589648672,0.19089806348026012,False
128,819.99829,28.88886,1044.6677399999999,0.0,28.87563266409127,0.08272541799049626,False
128,819.99829,16.4881,563.54902,0.0,16.45390006371471,0.1716485390207375,False
128,819.99829,20.36112,287.34882,0.0,20.31620626591972,0.19089252458767303,False
129,819.99231,28.88886,1041.46032,0.0,28.875610150006473,0.08262364689680275,False
129,819.99231,16.4881,563.22222,0.0,16.45373432164141,0.1714335166241789,False
129,819.99231,20.36112,286.54452000000003,0.0,20.316824562717006,0.19143205489676743,False
130,820.04498,28.88886,1033.2496800000001,0.0,28.87539954244866,0.0826956611221795,False
130,820.04498,16.4881,560.4825,0.0,16.453640890186385,0.1716680238614711,False
130,820.04498,20.36112,285.88014000000004,0.0,20.31649102149181,0.1903467192152637,False
131,None,28.88886,208.52192399999998,0.0,28.875424028724087,0.08262952243639016,False
131,None,16.4881,111.90136,0.0,16.453443511648498,0.17226784408625864,False
131,None,20.36112,57.47673999999999,0.0,20.315416291414614,0.18912556598705413,False
