scan,ctemp,angle,intensity,shift,fitted_center,fitted_sigma,is_shifted,is_changing,status
0,511.47961,22.14202,412.5517,0.0,22.153204565929652,0.13798449038268848,False,False,stable
0,511.47961,17.35648,353.25036,0.0,17.35017129124042,0.16105344938511476,False,False,stable
0,511.47961,24.96091,298.56012,0.0,25.011759611356503,0.2526354377137132,False,False,stable
0,511.47961,16.60259,240.26902,0.0,16.603209782291522,0.17471002696963,False,False,stable
1,516.51782,22.14202,413.4034,0.0,22.152057673408198,0.1375244572307544,False,False,stable
1,516.51782,17.35648,352.68026,0.0,17.348625741237147,0.16087772363030212,False,False,stable
1,516.51782,24.96091,297.84326,0.0,25.010294517046688,0.25465010243742703,False,False,stable
1,516.51782,16.60259,240.41598,0.0,16.60230223769898,0.17456252634298128,False,False,stable
2,521.28119,22.14202,413.39790000000005,0.0,22.151300569770854,0.13730142375868312,False,False,stable
2,521.28119,17.35648,351.5165999999999,0.0,17.346766164864245,0.16094663101992895,False,False,stable
2,521.28119,24.92813,297.54966,-0.03277999999999892,24.997975579500995,0.2362334352166797,True,False,stable
2,521.28119,16.60259,238.88881999999998,0.0,16.60173424974678,0.17588576081125054,False,False,stable
3,526.56451,22.14202,413.9031,0.0,22.150854741982283,0.13729498264702678,False,False,stable
3,526.56451,17.35648,351.39384,0.0,17.346441151868543,0.16082490960267493,False,False,stable
3,526.56451,24.92813,297.78574,0.0,24.99615965030147,0.23491934245857626,False,False,stable
3,526.56451,16.60259,239.32714,0.0,16.600554779441115,0.17484599316178753,False,False,stable
4,533.01233,22.14202,415.19350000000003,0.0,22.150003725407323,0.1373378268190125,False,False,stable
4,533.01233,17.35648,353.64004000000006,0.0,17.34536486460816,0.15995376951808216,False,True,stable
4,533.01233,24.92813,298.92338,0.0,24.995535469986,0.23727535853530868,False,False,stable
4,533.01233,16.60259,240.30610000000001,0.0,16.600038710744972,0.175448698104467,False,False,stable
5,538.96759,22.14202,419.09308,0.0,22.148937644272387,0.13651001184340153,False,True,stable
5,538.96759,17.35648,355.70336000000003,0.0,17.343314150559415,0.15966913946033112,False,True,stable
5,538.96759,24.92813,302.74554,0.0,24.992109971686276,0.23538037525487907,False,True,stable
5,538.96759,16.60259,241.36318,0.0,16.598986502998454,0.1756763361700305,False,False,stable
6,544.1214,22.14202,419.67146,0.0,22.1476901100526,0.136182340274015,False,False,stable
6,544.1214,17.35648,355.50868,0.0,17.3424464463611,0.15936856205755218,False,False,stable
6,544.1214,24.92813,302.84238,0.0,24.99053743184088,0.23625553446328773,False,False,stable
6,544.1214,16.60259,241.2183,0.0,16.597423762693666,0.17599548722441816,False,False,stable
7,549.02368,22.14202,420.71831999999995,0.0,22.14716404734936,0.13574472313241304,False,False,stable
7,549.02368,17.35648,355.22190000000006,0.0,17.34083888164457,0.15877018968555773,False,False,stable
7,549.02368,24.92813,302.65342,0.0,24.988885780585235,0.23650108778219914,False,False,stable
7,549.02368,16.60259,241.38766,0.0,16.597287887732488,0.17582768503821214,False,False,stable
8,554.1543,22.14202,421.30002,0.0,22.146234440713908,0.13531145249256948,False,False,stable
8,554.1543,17.3237,356.90078000000005,-0.032780000000002474,17.334755242021956,0.15901625917464648,True,True,stable
8,554.1543,24.92813,302.92578,0.0,24.988078902424427,0.23863519491897775,False,False,stable
8,554.1543,16.60259,240.92669999999998,0.0,16.596129220252003,0.1753042198018178,False,False,stable
9,559.8916,22.14202,421.87996000000004,0.0,22.145786720153406,0.13484407746586577,False,False,stable
9,559.8916,17.3237,356.85574,0.0,17.333053801164834,0.15819359110828296,False,False,stable
9,559.8916,24.92813,303.75186,0.0,24.98250025062725,0.23504592786976936,False,False,stable
9,559.8916,16.60259,240.50261999999998,0.0,16.59594423366831,0.17515249052506265,False,False,stable
10,565.80219,22.14202,421.899,0.0,22.14496980475351,0.13458997304156511,False,False,stable
10,565.80219,17.3237,358.81298,0.0,17.33243005584891,0.1567663128823304,False,True,stable
10,565.80219,24.92813,303.27509999999995,0.0,24.980769459939456,0.23544213019246726,False,False,stable
10,565.80219,16.60259,239.4616,0.0,16.59385070313626,0.1759145104687089,False,False,stable
11,571.52173,22.14202,425.5367600000001,0.0,22.14414177753663,0.13340575748612232,False,True,stable
11,571.52173,17.3237,360.8234,0.0,17.33085421773652,0.15560329013412208,False,True,stable
11,571.52173,24.92813,302.07543999999996,0.0,24.979676690798406,0.2373023699674884,False,False,stable
11,571.52173,16.60259,239.78936000000004,0.0,16.593953136081726,0.17547983281247476,False,False,stable
12,577.48108,22.14202,424.80075999999997,0.0,22.143173135917053,0.1332871295608838,False,False,stable
12,577.48108,17.3237,361.34952,0.0,17.329645404658763,0.1550853082991939,False,False,stable
12,577.48108,24.92813,303.39056,0.0,24.976797458924228,0.2362825091444052,False,True,stable
12,577.48108,16.60259,239.23782,0.0,16.59345653305596,0.17540441277634336,False,False,stable
13,582.81073,22.14202,433.4472400000001,0.0,22.142431639411782,0.13224481092252477,False,True,stable
13,582.81073,17.3237,366.94164,0.0,17.328554200078475,0.15438212186414532,False,True,stable
13,582.81073,24.92813,308.55446,0.0,24.97396740868546,0.23524351112459477,False,True,stable
13,582.81073,16.56981,241.46403999999998,-0.03277999999999892,16.584551007511614,0.17100645347789534,True,False,stable
14,588.28162,22.14202,435.56226000000004,0.0,22.141584087392506,0.13147716728037862,False,True,stable
14,588.28162,17.3237,368.43904,0.0,17.327187303406582,0.15327720760018368,False,True,stable
14,588.28162,24.89535,308.7337,-0.03277999999999892,24.96000120795004,0.21452857615379778,True,False,stable
14,588.28162,16.56981,242.35178000000002,0.0,16.583817304363524,0.170226164700575,False,False,stable
15,593.93658,22.14202,438.3594,0.0,22.139900345193432,0.1303531874440269,False,True,stable
15,593.93658,17.3237,369.82336,0.0,17.325906373260327,0.15155435902799785,False,False,stable
15,593.93658,24.89535,309.98062,0.0,24.954766911543388,0.2130416876692007,False,False,stable
15,593.93658,16.56981,241.56167999999997,0.0,16.582661439847016,0.17088526835605675,False,False,stable
16,599.36938,22.14202,439.61481999999995,0.0,22.139482997547514,0.12962961288712183,False,False,stable
16,599.36938,17.3237,373.49544,0.0,17.324807505850835,0.14970429426698048,False,True,stable
16,599.36938,24.89535,312.61596,0.0,24.950850731863916,0.20996567173048108,False,True,stable
16,599.36938,16.56981,241.11513999999997,0.0,16.58200882750855,0.17079818115333373,False,False,stable
17,604.9613,22.14202,441.79702,0.0,22.138381241821047,0.12882819614026528,False,True,stable
17,604.9613,17.3237,376.18325999999996,0.0,17.32311765502558,0.14852445265932282,False,True,stable
17,604.9613,24.89535,314.45398,0.0,24.94934368066,0.20995814660774725,False,False,stable
17,604.9613,16.56981,240.63298,0.0,16.579374730244993,0.17024346051294872,False,False,stable
18,610.87329,22.14202,444.94641999999993,0.0,22.137270418257366,0.12775193508356533,False,True,stable
18,610.87329,17.3237,377.95097999999996,0.0,17.32181418773986,0.14697872228945263,False,True,stable
18,610.87329,24.89535,316.48508000000004,0.0,24.945105261364326,0.20824880201251755,False,True,stable
18,610.87329,16.56981,239.85134000000002,0.0,16.57869323334544,0.17055581915744905,False,False,stable
19,616.73468,22.14202,448.89570000000003,0.0,22.13658268896963,0.12673202732969743,False,True,stable
19,616.73468,17.3237,379.10265999999996,0.0,17.32025493303233,0.1460243183653962,False,False,stable
19,616.73468,24.89535,318.76122,0.0,24.94182303493917,0.20599651300490845,False,True,stable
19,616.73468,16.56981,240.89994000000002,0.0,16.577973100471933,0.16906273068918995,False,False,stable
20,623.03223,22.14202,449.68992,0.0,22.134853050073115,0.12600331526815864,False,False,stable
20,623.03223,17.3237,383.18284000000006,0.0,17.3190882262855,0.14402376169336767,False,True,stable
20,623.03223,24.89535,318.29514,0.0,24.94203637385771,0.20749996183017916,False,False,stable
20,623.03223,16.56981,240.65942,0.0,16.576914706478775,0.16832061409102908,False,False,stable
21,628.37122,22.14202,459.79484,0.0,22.13429959539009,0.12490905850010228,False,True,stable
21,628.37122,17.3237,388.57262000000003,0.0,17.31803052593029,0.14332830567206437,False,True,stable
21,628.37122,24.89535,325.6059,0.0,24.935844053971913,0.20426437087413646,False,True,stable
21,628.37122,16.56981,243.79912,0.0,16.576146659625834,0.16808063494861164,False,False,stable
22,634.32953,22.14202,462.07246,0.0,22.13317377716807,0.12363221238097019,False,True,stable
22,634.32953,17.3237,391.58676,0.0,17.31607654379023,0.14132047154800026,False,True,stable
22,634.32953,24.89535,327.54679999999996,0.0,24.93371452087065,0.2056311584294532,False,True,stable
22,634.32953,16.56981,243.23674,0.0,16.574251843102715,0.16801481209064437,False,False,stable
23,640.79529,22.14202,466.0144,0.0,22.131964404841334,0.12241522353740379,False,True,stable
23,640.79529,17.3237,393.5144,0.0,17.314550309938237,0.14032956611374786,False,True,stable
23,640.79529,24.89535,329.99068,0.0,24.92929952854371,0.20231391475673943,False,True,stable
23,640.79529,16.56981,243.56248,0.0,16.572944704996793,0.16722666530578895,False,False,stable
24,646.38263,22.14202,469.9402,0.0,22.131597135056786,0.12124008742744256,False,True,stable
24,646.38263,17.3237,396.65137999999996,0.0,17.31432470554281,0.13857734471071195,False,True,stable
24,646.38263,24.89535,331.63846,0.0,24.928326149163013,0.2018141171971613,False,True,stable
24,646.38263,16.56981,241.98948000000001,0.0,16.57326423771228,0.16737673212414078,False,False,stable
25,650.89789,22.14202,473.02144,0.0,22.13078122090268,0.12017848101464408,False,True,stable
25,650.89789,17.3237,398.7822,0.0,17.313337650906085,0.13668115551890744,False,True,stable
25,650.89789,24.86257,332.88815999999997,-0.03277999999999892,24.914429899327473,0.18202769171424873,True,True,stable
25,650.89789,16.56981,242.26758,0.0,16.57210572385445,0.16597667664739277,False,False,stable
26,656.79468,22.14202,475.37458000000004,0.0,22.129141962930856,0.11921643743689798,False,True,stable
26,656.79468,17.3237,400.3068,0.0,17.310933418040623,0.13588108326757117,False,False,stable
26,656.79468,24.86257,336.17884,0.0,24.911026924627926,0.1804616069909829,False,True,stable
26,656.79468,16.56981,241.33124000000004,0.0,16.570256186184857,0.1668199084612297,False,False,stable
27,662.87988,22.14202,480.75010000000003,0.0,22.12835515891265,0.11788425869985218,False,True,stable
27,662.87988,17.3237,404.33389999999997,0.0,17.31027932677086,0.13386142815125823,False,True,stable
27,662.87988,24.86257,338.44032,0.0,24.907927898102532,0.17902890985497577,False,True,stable
27,662.87988,16.56981,240.90191999999996,0.0,16.570458140557886,0.16520491533934284,False,False,stable
28,668.56299,22.14202,485.94054000000006,0.0,22.127552011540896,0.11665425490937273,False,True,stable
28,668.56299,17.3237,406.31342,0.0,17.3095801333042,0.1321441712609544,False,False,stable
28,668.56299,24.86257,342.765,0.0,24.904630591838924,0.17583767357769262,False,True,stable
28,668.56299,16.56981,238.92770000000002,0.0,16.569501347172935,0.16554195641781602,False,False,stable
29,673.3446,22.10925,495.95778,-0.0327699999999993,22.124284696971387,0.11505841510867047,True,True,stable
29,673.3446,17.3237,413.47652,0.0,17.307854575353968,0.13077075456109985,False,True,stable
29,673.3446,24.86257,349.0294,0.0,24.90291773194265,0.17470826234691353,False,True,stable
29,673.3446,16.56981,241.10538000000003,0.0,16.567481288855316,0.16455436924078132,False,False,stable
30,680.2356,22.10925,500.85452000000004,0.0,22.123188723515252,0.11416264316938583,False,True,stable
30,680.2356,17.29092,417.55123999999995,-0.03277999999999892,17.30179238519778,0.13043400542154415,True,True,stable
30,680.2356,24.86257,355.2978,0.0,24.89887584720378,0.17188929206837442,False,True,stable
30,680.2356,16.56981,241.72132000000002,0.0,16.56687026879021,0.1635784289691317,False,False,stable
31,685.1684,22.10925,506.7251,0.0,22.122125846021444,0.11294040031427506,False,True,stable
31,685.1684,17.29092,423.52326000000005,0.0,17.300640220741514,0.1286693554105223,False,True,stable
31,685.1684,24.86257,355.98528,0.0,24.897204216958688,0.17261636556635515,False,False,stable
31,685.1684,16.56981,240.83408,0.0,16.565687462743934,0.16319922690610036,False,False,stable
32,691.77441,22.10925,513.0761200000001,0.0,22.121139975676968,0.11159814233740169,False,True,stable
32,691.77441,17.29092,426.52636,0.0,17.29929549758509,0.12742630798973756,False,True,stable
32,691.77441,24.86257,360.76874,0.0,24.894195863119442,0.17023061456367755,False,True,stable
32,691.77441,16.56981,241.44307999999995,0.0,16.56485027994215,0.16247321360728875,False,False,stable
33,697.44678,22.10925,518.20452,0.0,22.12024533588348,0.11028658164573449,False,True,stable
33,697.44678,17.29092,429.55976,0.0,17.297975837367353,0.1254345419138722,False,True,stable
33,697.44678,24.86257,361.0434,0.0,24.89201577210085,0.17018139462368928,False,False,stable
33,697.44678,16.56981,241.41702,0.0,16.56302500275666,0.16114056750434286,False,False,stable
34,703.43323,22.10925,521.99352,0.0,22.119228575358946,0.10929331017718968,False,True,stable
34,703.43323,17.29092,434.75721999999996,0.0,17.297298121799844,0.12380405501591711,False,True,stable
34,703.43323,24.86257,365.4255,0.0,24.889876553008786,0.16835708620135853,False,True,stable
34,703.43323,16.56981,240.56186000000002,0.0,16.56265445960684,0.1602018104258334,False,False,stable
35,710.38812,22.10925,527.4010999999999,0.0,22.118211697019017,0.108242073969564,False,True,stable
35,710.38812,17.29092,436.11214,0.0,17.29593445427431,0.12236664550960441,False,False,stable
35,710.38812,24.86257,367.77772,0.0,24.886287485030433,0.16676507240802269,False,True,stable
35,710.38812,16.56981,242.11602,0.0,16.561800133073053,0.15822104385024796,False,False,stable
36,716.30212,22.10925,534.34836,0.0,22.117543790252014,0.10673342125085597,False,True,stable
36,716.30212,17.29092,441.6112,0.0,17.2948533109736,0.1204931268014675,False,True,stable
36,716.30212,24.86257,369.909,0.0,24.884658257838073,0.16682247624183938,False,False,stable
36,716.30212,16.56981,241.21484,0.0,16.560500954549568,0.1577298224596599,False,False,stable
37,722.32489,22.10925,541.93624,0.0,22.11670102982243,0.1055214846392986,False,True,stable
37,722.32489,17.29092,448.75432,0.0,17.293233202025448,0.11874161391740928,False,True,stable
37,722.32489,24.86257,373.23006000000004,0.0,24.88305194352209,0.166726276375461,False,True,stable
37,722.32489,16.56981,242.02086,0.0,16.55886761770068,0.15601205972803947,False,False,stable
38,728.26678,22.10925,551.26102,0.0,22.115984202098694,0.10414423102723169,False,True,stable
38,728.26678,17.29092,453.74256,0.0,17.292375228243284,0.11725927126273371,False,True,stable
38,728.26678,24.8298,381.21493999999996,-0.03277000000000285,24.869148755346696,0.14773792813568898,True,True,stable
38,728.26678,16.56981,243.60962,0.0,16.558256950674846,0.15597452214927582,False,False,stable
39,734.39148,22.10925,556.16628,0.0,22.114805597154966,0.10303399433981486,False,True,stable
39,734.39148,17.29092,456.6581,0.0,17.291162286250216,0.1157102396202448,False,True,stable
39,734.39148,24.8298,384.62816,0.0,24.86728960049527,0.1472262077105189,False,True,stable
39,734.39148,16.53704,245.42258,-0.0327699999999993,16.549736081743873,0.15127428768886783,True,False,stable
40,740.45502,22.10925,561.33416,0.0,22.1137596032997,0.10170543495310827,False,True,stable
40,740.45502,17.29092,463.32882,0.0,17.289760730006993,0.11367494195989163,False,True,stable
40,740.45502,24.8298,389.24012,0.0,24.864541930332546,0.14584504684229097,False,True,stable
40,740.45502,16.53704,246.41816,0.0,16.54872762483824,0.15008324599019282,False,False,stable
41,750.77979,22.10925,571.01918,0.0,22.1121436119137,0.09937858018471347,False,True,stable
41,750.77979,17.29092,467.3486,0.0,17.28776840721787,0.11087007842077502,False,True,stable
41,750.77979,24.8298,394.46016000000003,0.0,24.862301383548193,0.1448508214777289,False,True,stable
41,750.77979,16.53704,249.04299999999998,0.0,16.546814549681923,0.14601498802587792,False,False,stable
42,756.79272,22.10925,574.2875600000001,0.0,22.111196307946553,0.09830982193827376,False,True,stable
42,756.79272,17.29092,468.58632,0.0,17.286394312311003,0.10962023412564464,False,False,stable
42,756.79272,24.8298,399.93568,0.0,24.859795251587908,0.1437296372459933,False,True,stable
42,756.79272,16.53704,251.92401999999998,0.0,16.546788986813713,0.14356619211935995,False,True,stable
43,762.72552,22.10925,577.51868,0.0,22.11028244713078,0.09733971168978955,False,True,stable
43,762.72552,17.29092,470.16139999999996,0.0,17.28493696774503,0.10837581757385614,False,False,stable
43,762.72552,24.8298,401.5404,0.0,24.85846212317744,0.1433863886711745,False,False,stable
43,762.72552,16.53704,255.50728000000004,0.0,16.5451159877478,0.14105201959199506,False,True,stable
44,768.68817,22.10925,579.20994,0.0,22.109247753005356,0.09633357984476267,False,False,stable
44,768.68817,17.29092,471.09712,0.0,17.283482157359217,0.10693034036187296,False,False,stable
44,768.68817,24.8298,401.15304,0.0,24.85792354756315,0.1453146487896638,False,False,stable
44,768.68817,16.53704,259.02394,0.0,16.54444001523974,0.13863591550461998,False,True,stable
45,774.63019,22.10925,585.99666,0.0,22.10816381958347,0.09556586214611847,False,True,stable
45,774.63019,17.29092,475.7121599999999,0.0,17.282231282987414,0.10621133720730894,False,True,stable
45,774.63019,24.8298,407.40182,0.0,24.857636648708667,0.14705274214715316,False,True,stable
45,774.63019,16.53704,268.16608,0.0,16.543766624644388,0.13568013861440284,False,True,stable
46,780.56378,22.10925,584.67054,0.0,22.10723018023587,0.09458598369214717,False,False,stable
46,780.56378,17.29092,473.55792,0.0,17.280897179017774,0.10499316696732897,False,False,stable
46,780.56378,24.8298,406.82890000000003,0.0,24.858648412415416,0.15053433541325503,False,False,stable
46,780.56378,16.53704,277.21544,0.0,16.542570375023725,0.13162932236625172,False,True,stable
47,786.44873,22.10925,577.98864,0.0,22.106068552257963,0.09394977697657693,False,True,stable
47,786.44873,17.29092,466.71618000000007,0.0,17.279299958422538,0.10446426423887722,False,True,stable
47,786.44873,24.8298,401.46449999999993,0.0,24.86280258725574,0.15701128961722444,False,True,stable
47,786.44873,16.53704,291.83166,0.0,16.541879221313497,0.12693457367349506,False,True,growing
48,792.39862,22.10925,560.5537,0.0,22.10489109562523,0.0936932527066552,False,True,stable
48,792.39862,17.29092,454.0051,0.0,17.27793466199267,0.10428046880717019,False,True,stable
48,792.39862,24.8298,391.72236,0.0,24.874016711796223,0.17075617263650145,False,True,stable
48,792.39862,16.53704,315.49872000000005,0.0,16.541153708523975,0.1200880187324622,False,True,growing
49,798.35791,22.10925,528.8649,0.0,22.103759108946893,0.09405392643794049,False,True,shrinking
49,798.35791,17.29092,430.40954,0.0,17.27605997024004,0.10489318035174684,False,True,shrinking
49,798.35791,25.05924,398.339,0.2294400000000003,25.008660167411776,0.15863289067427802,True,True,stable
49,798.35791,16.53704,356.27954,0.0,16.54079894991268,0.1117477062247925,False,True,growing
50,804.30292,25.05924,484.16332,0.0,25.03108399586415,0.1270902461266329,False,True,growing
50,804.30292,22.10925,473.1537,0.0,22.10190716687919,0.09527502316604933,False,True,shrinking
50,804.30292,16.53704,424.85098,0.0,16.53972316782783,0.10242779208684141,False,True,growing
50,804.30292,17.25815,389.00254000000007,-0.0327699999999993,17.271073318944662,0.10838204048779648,True,True,shrinking
51,810.26093,25.05924,611.38596,0.0,25.043782828848116,0.10473083074379956,False,True,growing
51,810.26093,16.53704,527.04792,0.0,16.53888057399045,0.09394624097104604,False,True,growing
51,810.26093,22.10925,394.0366,0.0,22.10057604408244,0.09801842683802611,False,True,shrinking
51,810.26093,17.25815,331.77912,0.0,17.26884336839922,0.11370282842152916,False,True,shrinking
52,816.16248,25.05924,751.28466,0.0,25.04822915111599,0.09206204764291306,False,True,growing
52,816.16248,16.53704,636.4339000000001,0.0,16.538381247575273,0.08810206312625163,False,True,growing
52,816.16248,18.86425,326.1583999999999,1.6060999999999979,18.86476856111085,0.0985710475367377,True,True,stable
52,816.16248,22.10925,307.5691800000001,0.0,22.099395524273863,0.1038639170636994,False,True,shrinking
53,819.6698,25.05924,866.11914,0.0,25.048744406993187,0.0855249572349708,False,True,growing
53,819.6698,16.53704,733.54934,0.0,16.537187596456747,0.08452736389971652,False,True,growing
53,819.6698,18.86425,372.20118,0.0,18.863295677109846,0.09372222265018597,False,True,growing
53,819.6698,22.10925,232.11082000000002,0.0,22.098156757109166,0.11322911071858785,False,True,shrinking
54,819.95148,25.05924,954.17978,0.0,25.047985768277446,0.08249851697434722,False,True,growing
54,819.95148,16.53704,805.7532,0.0,16.5360143446556,0.08258037444837062,False,True,growing
54,819.95148,18.86425,405.80294,0.0,18.86215537664447,0.09075785337942117,False,True,growing
54,819.95148,20.17536,186.02914,1.3111100000000029,20.173759603975803,0.12435737600728898,True,False,shrinking
55,820.01202,25.05924,1011.86248,0.0,25.04671626449942,0.08080440008417213,False,True,growing
55,820.01202,16.53704,847.0013999999999,0.0,16.535092163377595,0.08142400442516644,False,True,growing
55,820.01202,18.86425,425.99688,0.0,18.861120714949596,0.0892029111815329,False,True,stable
55,820.01202,20.17536,193.74262,0.0,20.17257330576105,0.12106281447966592,False,False,stable
56,820.00391,25.05924,1042.43882,0.0,25.046191855287496,0.07965808993992604,False,True,stable
56,820.00391,16.53704,877.2417800000001,0.0,16.53441776967213,0.08067274033384599,False,True,stable
56,820.00391,18.86425,437.26401999999996,0.0,18.86025005875914,0.08832317341429793,False,True,stable
56,820.00391,20.17536,198.29562,0.0,20.17170790988036,0.11947739218226813,False,False,stable
57,820.00928,25.05924,1067.80334,0.0,25.0454800224871,0.07878682447183522,False,True,stable
57,820.00928,16.53704,893.6984400000001,0.0,16.533849158829828,0.0801102371278135,False,True,stable
57,820.00928,18.86425,448.33644000000004,0.0,18.8596849671673,0.087443992479607,False,True,stable
57,820.00928,20.17536,201.11508,0.0,20.171532224948834,0.1184334043852504,False,False,stable
58,820.01178,25.05924,1083.1124,0.0,25.04534946394953,0.07857035887114137,False,True,stable
58,820.01178,16.53704,909.8587000000001,0.0,16.533890714213175,0.07978238142685036,False,True,stable
58,820.01178,18.86425,453.92166,0.0,18.859383707028183,0.08698460863207236,False,True,stable
58,820.01178,20.17536,203.65704,0.0,20.171376389906904,0.11692503298398522,False,False,stable
59,820.00513,25.05924,1100.52416,0.0,25.045116545837192,0.07789463420940743,False,True,stable
59,820.00513,16.53704,919.1480799999999,0.0,16.533828186384213,0.0793624262938649,False,True,stable
59,820.00513,18.86425,459.42897999999997,0.0,18.859451364489328,0.08655156446163786,False,True,stable
59,820.00513,20.17536,207.04876,0.0,20.171440849891457,0.11541020343207932,False,False,stable
60,819.98438,25.05924,1107.0052200000002,0.0,25.045402675772845,0.07752861652777653,False,True,stable
60,819.98438,16.53704,928.2786,0.0,16.53377160750831,0.07902541586289626,False,True,stable
60,819.98438,18.86425,462.86910000000006,0.0,18.85943862185852,0.08619453120174796,False,True,stable
60,819.98438,20.17536,206.87672000000003,0.0,20.170542598469765,0.11563274851075328,False,False,stable
61,819.99512,25.05924,1117.3492,0.0,25.04552863031219,0.07731293748112678,False,True,stable
61,819.99512,16.53704,933.3620599999998,0.0,16.53371350775179,0.07873614623103256,False,True,stable
61,819.99512,18.86425,464.55444,0.0,18.85944117819355,0.08576945202310013,False,False,stable
61,819.99512,20.17536,208.01828,0.0,20.17151938105585,0.11469040716431475,False,False,stable
62,819.98053,25.05924,1138.21312,0.0,25.045213515004953,0.07699475160404776,False,True,stable
62,819.98053,16.53704,951.8855799999999,0.0,16.533814589244095,0.07844051768688771,False,True,stable
62,819.98053,18.86425,470.10222000000005,0.0,18.859434743949578,0.08566798087779931,False,True,stable
62,819.98053,20.17536,210.62503999999998,0.0,20.171211142316565,0.11441312041807511,False,False,stable
63,819.99982,25.05924,1148.9896000000003,0.0,25.045653335702198,0.07667675125082084,False,True,stable
63,819.99982,16.53704,953.1921,0.0,16.53392242052108,0.07839127226771887,False,False,stable
63,819.99982,18.86425,472.22218000000004,0.0,18.859226388380687,0.08529367057404061,False,True,stable
63,819.99982,20.17536,211.65475999999998,0.0,20.171164285704727,0.11365982674207387,False,False,stable
64,820.01477,25.05924,1140.88382,0.0,25.045521848695564,0.0766218261696573,False,True,stable
64,820.01477,16.53704,956.21178,0.0,16.533836720147107,0.07812216246266827,False,True,stable
64,820.01477,18.86425,472.77398000000005,0.0,18.859512653403918,0.0850961986883617,False,False,stable
64,820.01477,20.17536,211.03941999999998,0.0,20.171336535377076,0.11405777243064522,False,False,stable
65,820.03528,25.05924,1148.5785600000002,0.0,25.045664661982936,0.07633436162615286,False,True,stable
65,820.03528,16.53704,955.99686,0.0,16.53398015773835,0.07796032543533947,False,False,stable
65,820.03528,18.86425,472.90978000000007,0.0,18.859486510985885,0.0850477207761606,False,False,stable
65,820.03528,20.17536,211.71244000000002,0.0,20.171507369948248,0.11334377225193207,False,False,stable
66,820.01562,25.05924,1151.1182600000002,0.0,25.045808298130442,0.0762750912983517,False,True,stable
66,820.01562,16.53704,956.20274,0.0,16.53412665942149,0.07789909812188528,False,False,stable
66,820.01562,18.86425,475.64794,0.0,18.859777640273123,0.08464100047772494,False,True,stable
66,820.01562,20.17536,212.43973999999997,0.0,20.171798925809934,0.11243293449648518,False,False,stable
67,819.94733,25.05924,1155.8066199999998,0.0,25.045733940254806,0.07603033145315495,False,True,stable
67,819.94733,16.53704,958.14244,0.0,16.53388838391503,0.0777394054540127,False,True,stable
67,819.94733,18.86425,474.49322,0.0,18.85921497823786,0.08463651773180755,False,False,stable
67,819.94733,20.17536,211.65409999999997,0.0,20.171487832437744,0.11269374858345696,False,False,stable
68,820.00311,25.05924,1154.17976,0.0,25.04588083723137,0.07585054231872343,False,True,stable
68,820.00311,16.53704,958.73902,0.0,16.534101433699533,0.07765270024784743,False,False,stable
68,820.00311,18.86425,475.67210000000006,0.0,18.859635701005235,0.08456001615202316,False,False,stable
68,820.00311,20.17536,212.64715999999999,0.0,20.172069784877074,0.11191050638739741,False,False,stable
69,820.02039,25.05924,1157.48612,0.0,25.045886543151866,0.07567674016273977,False,True,stable
69,820.02039,16.53704,958.3074,0.0,16.534136782721554,0.07759749239101502,False,False,stable
69,820.02039,18.86425,475.31658,0.0,18.859517324331865,0.08438023783212681,False,False,stable
69,820.02039,20.17536,212.38467999999997,0.0,20.171923893152,0.11191850113870128,False,False,stable
70,820.01288,25.05924,1164.9269,0.0,25.045919733353028,0.07562528600897572,False,True,stable
70,820.01288,16.53704,969.8176599999999,0.0,16.53425423170362,0.0774440033112351,False,True,stable
70,820.01288,18.86425,480.74219999999997,0.0,18.859720309374957,0.08419875861396614,False,True,stable
70,820.01288,20.17536,213.25758000000002,0.0,20.1723020408726,0.1120526003754352,False,False,stable
71,819.99518,25.05924,1167.71726,0.0,25.04610413276135,0.07557274712476773,False,True,stable
71,819.99518,16.53704,969.4967800000002,0.0,16.534137700764436,0.07737187070534975,False,False,stable
71,819.99518,18.86425,483.45469999999995,0.0,18.859406877798065,0.08407859271434658,False,True,stable
71,819.99518,20.17536,214.12914,0.0,20.17206701012869,0.11170171705648416,False,False,stable
72,820.02161,25.05924,1171.5421600000002,0.0,25.046160348983303,0.07551971043463133,False,True,stable
72,820.02161,16.53704,969.7361799999999,0.0,16.534261385864458,0.077191997359478,False,False,stable
72,820.02161,18.86425,483.2492799999999,0.0,18.859607756334185,0.08379493629613201,False,False,stable
72,820.02161,20.17536,212.41696000000002,0.0,20.171736901230094,0.11183308508014542,False,True,stable
73,819.9751,25.05924,1170.94044,0.0,25.046192482430403,0.0753921409420383,False,False,stable
73,819.9751,16.53704,967.5661,0.0,16.534270782245517,0.07714377054909675,False,True,stable
73,819.9751,18.86425,481.90926,0.0,18.859476584995022,0.0838273738912603,False,True,stable
73,819.9751,20.17536,213.3355,0.0,20.171745762185893,0.1114326547041955,False,False,stable
74,820.00488,25.05924,1168.4987399999998,0.0,25.046255113691412,0.07542620255516651,False,True,stable
74,820.00488,16.53704,970.1997599999999,0.0,16.53429878563752,0.077034953295213,False,True,stable
74,820.00488,18.86425,480.05159999999995,0.0,18.859721915568567,0.08387365024680699,False,True,stable
74,820.00488,20.17536,213.93418000000003,0.0,20.17193684090112,0.11147060303635549,False,False,stable
75,819.98328,25.05924,1169.85862,0.0,25.046405243063592,0.07532970235419391,False,True,stable
75,819.98328,16.53704,969.8333799999998,0.0,16.534386654226246,0.07693049956207511,False,False,stable
75,819.98328,18.86425,480.64102,0.0,18.859675751340447,0.08362781699320997,False,False,stable
75,819.98328,20.17536,212.3781,0.0,20.1720353744229,0.11138386545000831,False,True,stable
76,819.95947,25.05924,1162.27758,0.0,25.04609624618241,0.07527346344584455,False,True,stable
76,819.95947,16.53704,969.9861000000001,0.0,16.53435577764522,0.07694682907265442,False,False,stable
76,819.95947,18.86425,478.67159999999996,0.0,18.859659198939333,0.08368042882364475,False,True,stable
76,819.95947,20.17536,213.21792,0.0,20.172077741830304,0.11107667526123598,False,False,stable
77,819.98901,25.05924,1166.60572,0.0,25.04605424749329,0.07523041097421518,False,True,stable
77,819.98901,16.53704,969.45494,0.0,16.534406147968223,0.07684766395063766,False,False,stable
77,819.98901,18.86425,478.42333999999994,0.0,18.859651412016788,0.08354635788802281,False,False,stable
77,819.98901,20.17536,213.48991999999998,0.0,20.172241476145302,0.11063217663588966,False,False,stable
78,819.98358,25.05924,1176.22368,0.0,25.046183285590658,0.07507682861533892,False,True,stable
78,819.98358,16.53704,979.7842800000001,0.0,16.534413861680985,0.07676060786952049,False,True,stable
78,819.98358,18.86425,484.1776,0.0,18.859632544722515,0.0836793107955033,False,True,stable
78,819.98358,20.17536,214.08417999999998,0.0,20.171914225235632,0.11087446893650123,False,False,stable
79,819.97699,25.05924,1183.0033,0.0,25.04641347789219,0.07510975092045002,False,True,stable
79,819.97699,16.53704,977.8677,0.0,16.534425316852197,0.07663613263367157,False,True,stable
79,819.97699,18.86425,483.97130000000004,0.0,18.859810810084156,0.08351296898742078,False,False,stable
79,819.97699,20.17536,214.91147999999998,0.0,20.172071020710664,0.11057580312576441,False,False,stable
80,819.98932,25.05924,1177.09418,0.0,25.046437817257814,0.07486092266720257,False,True,stable
80,819.98932,16.53704,977.97834,0.0,16.534418805726293,0.07663118565292837,False,False,stable
80,819.98932,18.86425,483.18232,0.0,18.859660418121063,0.08341904232550591,False,False,stable
80,819.98932,20.17536,214.16800000000003,0.0,20.171981060524182,0.11065962206222658,False,False,stable
81,820.01178,25.05924,1176.99618,0.0,25.046341686514737,0.07491074568741371,False,False,stable
81,820.01178,16.53704,975.26898,0.0,16.534509716128007,0.07661810473787067,False,True,stable
81,820.01178,18.86425,482.32075999999995,0.0,18.859975422137264,0.08332517796795691,False,False,stable
81,820.01178,20.17536,213.75462000000002,0.0,20.172005279314867,0.11088595445829742,False,False,stable
82,819.97089,25.05924,1172.80746,0.0,25.04644214114603,0.0747463956878268,False,True,stable
82,819.97089,16.53704,974.8225999999999,0.0,16.534666907271227,0.07659093583892662,False,False,stable
82,819.97089,18.86425,480.3904600000001,0.0,18.860040017813553,0.08340180060967062,False,True,stable
82,819.97089,20.17536,214.04592000000002,0.0,20.17242620040827,0.11032013977456502,False,False,stable
83,820.02942,25.05924,1174.87318,0.0,25.046422956761422,0.07479240154717608,False,True,stable
83,820.02942,16.53704,974.6721,0.0,16.534647800234456,0.07655113404767841,False,False,stable
83,820.02942,18.86425,479.4426,0.0,18.85989762184432,0.08330111667097775,False,False,stable
83,820.02942,20.17536,213.85086,0.0,20.17232796954975,0.11036504084779368,False,False,stable
84,819.96948,25.05924,1173.27504,0.0,25.046881785861437,0.0746847612718755,False,True,stable
84,819.96948,16.53704,974.7604000000001,0.0,16.53469515863487,0.07653954078942361,False,False,stable
84,819.96948,18.86425,479.50742,0.0,18.859952787484783,0.08331746427299583,False,False,stable
84,819.96948,20.17536,213.86023999999998,0.0,20.17262938469142,0.1101382553315591,False,False,stable
85,819.99738,25.05924,1174.91416,0.0,25.04655041797582,0.07476472648131824,False,True,stable
85,819.99738,16.53704,972.2846,0.0,16.534584636931683,0.07645840540548828,False,True,stable
85,819.99738,18.86425,479.44944,0.0,18.85971020183409,0.08307066663127254,False,False,stable
85,819.99738,20.17536,212.90022,0.0,20.172092756161977,0.11018698681092345,False,False,stable
86,819.97827,25.05924,1186.85108,0.0,25.04642027178424,0.07456120911336081,False,True,stable
86,819.97827,16.53704,973.83254,0.0,16.534544953899058,0.07641571227326738,False,False,stable
86,819.97827,18.86425,481.39606000000003,0.0,18.859785544937324,0.08318245906233727,False,True,stable
86,819.97827,20.17536,214.12252000000004,0.0,20.172323695385817,0.1097530871978164,False,False,stable
87,819.98053,25.05924,1191.9367399999999,0.0,25.046368054004624,0.07459077275060848,False,True,stable
87,819.98053,16.53704,980.95232,0.0,16.53467399054356,0.07635525332156329,False,True,stable
87,819.98053,18.86425,485.27007999999995,0.0,18.85993474069742,0.08304350091833751,False,True,stable
87,819.98053,20.17536,215.20652,0.0,20.172587152507614,0.10998402307709271,False,False,stable
88,819.98578,25.05924,1194.1022600000001,0.0,25.04668438839454,0.07451999837823374,False,True,stable
88,819.98578,16.53704,981.6319800000001,0.0,16.534662320433167,0.07629601218904755,False,False,stable
88,819.98578,18.86425,485.5703,0.0,18.85982566650794,0.08291908331688695,False,False,stable
88,819.98578,20.17536,215.66697999999997,0.0,20.172367302868157,0.10998011270596893,False,False,stable
89,820.00519,25.05924,1187.5495,0.0,25.046396984447227,0.0744442024877705,False,True,stable
89,820.00519,16.53704,979.3727999999999,0.0,16.534737628508665,0.07627629069708558,False,True,stable
89,820.00519,18.86425,484.74308,0.0,18.85981412532676,0.08290399889526458,False,False,stable
89,820.00519,20.17536,214.49398000000002,0.0,20.17239331087351,0.11012254186611568,False,False,stable
90,820.00262,25.05924,1185.24144,0.0,25.046528038791312,0.07449595030560377,False,True,stable
90,820.00262,16.53704,978.4932000000001,0.0,16.53460109333611,0.07621313013707062,False,True,stable
90,820.00262,18.86425,484.79668000000004,0.0,18.859881374639823,0.08272748755946355,False,False,stable
90,820.00262,20.17536,215.08696,0.0,20.172567748370184,0.10962360966163719,False,False,stable
91,819.97968,25.05924,1190.5096399999998,0.0,25.04683429097041,0.07432244257932455,False,True,stable
91,819.97968,16.53704,978.2033399999998,0.0,16.534790527128823,0.07624733353446486,False,False,stable
91,819.97968,18.86425,484.8245,0.0,18.860012073574282,0.08278634966515824,False,False,stable
91,819.97968,20.17536,214.15223999999998,0.0,20.172450805459956,0.10967044160235638,False,False,stable
92,819.96832,25.05924,1182.8521999999998,0.0,25.046445038134223,0.07433118067653192,False,True,stable
92,819.96832,16.53704,975.6198199999999,0.0,16.534715709736776,0.0760866445531886,False,True,stable
92,819.96832,18.86425,483.5465199999999,0.0,18.859989745173372,0.08284104357768947,False,False,stable
92,819.96832,20.17536,213.82524000000004,0.0,20.17304803015698,0.10951682720275868,False,False,stable
93,819.97009,25.05924,1178.54062,0.0,25.046530389055935,0.07438146967929932,False,True,stable
93,819.97009,16.53704,975.2743800000001,0.0,16.534650924083223,0.07611175419936567,False,False,stable
93,819.97009,18.86425,482.78990000000005,0.0,18.85985154647558,0.08279511276828588,False,False,stable
93,819.97009,20.17536,214.1741,0.0,20.17253388175403,0.10954944479274571,False,False,stable
94,819.99451,25.05924,1176.5378999999998,0.0,25.046719366911272,0.07427896633324059,False,True,stable
94,819.99451,16.53704,977.17652,0.0,16.534827865012794,0.07612298152057871,False,True,stable
94,819.99451,18.86425,482.79978,0.0,18.86004126679334,0.08276179543996845,False,False,stable
94,819.99451,20.17536,213.81601999999998,0.0,20.172894521061906,0.10946490905316623,False,False,stable
95,820.02991,25.05924,1193.2450199999998,0.0,25.04683616912846,0.0742453777805083,False,True,stable
95,820.02991,16.53704,985.1690000000001,0.0,16.53468955040358,0.07606721889069051,False,True,stable
95,820.02991,18.86425,488.10812,0.0,18.860044317071132,0.08255344431667014,False,True,stable
95,820.02991,20.17536,215.9097,0.0,20.173039875434135,0.10966370111286668,False,False,stable
96,819.99377,25.05924,1179.9188,0.0,25.04688235713954,0.07425590371489373,False,True,stable
96,819.99377,16.53704,985.2755599999998,0.0,16.534806987466315,0.07594240050926954,False,False,stable
96,819.99377,18.86425,487.17783999999995,0.0,18.860018531638286,0.08268950365975249,False,False,stable
96,819.99377,20.17536,216.06198000000003,0.0,20.173097062219078,0.10926399319498581,False,False,stable
97,820.0271,25.05924,1184.33,0.0,25.04679149157335,0.07414732303766182,False,True,stable
97,820.0271,16.53704,983.34472,0.0,16.534858591553302,0.07597570010740748,False,True,stable
97,820.0271,18.86425,485.76090000000005,0.0,18.860081809182468,0.08266409336232625,False,True,stable
97,820.0271,20.17536,215.39574000000002,0.0,20.172355808202674,0.10926647312868047,False,False,stable
98,820.02039,25.05924,1182.6753800000001,0.0,25.046870567190084,0.07422598319169663,False,True,stable
98,820.02039,16.53704,981.5711399999998,0.0,16.534916612701508,0.07601031468425452,False,True,stable
98,820.02039,18.86425,487.15648,0.0,18.860271588643403,0.08254791890734459,False,True,stable
98,820.02039,20.17536,214.79628000000002,0.0,20.172714252539627,0.10927511906179074,False,False,stable
99,820.00562,25.05924,1180.67352,0.0,25.047024278403313,0.07408268705208583,False,True,stable
99,820.00562,16.53704,982.67388,0.0,16.535053277884444,0.07592134326691713,False,True,stable
99,820.00562,18.86425,486.60458,0.0,18.86045208569437,0.08254892787506701,False,False,stable
99,820.00562,20.17536,214.80502,0.0,20.173105565599887,0.10914260474870255,False,False,stable
100,819.98438,25.05924,1179.41722,0.0,25.046959375167702,0.07417161110506759,False,True,stable
100,819.98438,16.53704,981.0040999999999,0.0,16.534931352792846,0.07597582821787688,False,True,stable
100,819.98438,18.86425,486.3857000000001,0.0,18.860224062643386,0.08225848924254886,False,False,stable
100,819.98438,20.17536,215.26637999999997,0.0,20.172739976780754,0.10909887035493304,False,False,stable
101,819.96289,25.05924,1179.65258,0.0,25.046953415115393,0.0741218941064747,False,False,stable
101,819.96289,16.53704,979.3891800000001,0.0,16.534981928309026,0.07587749409043691,False,True,stable
101,819.96289,18.86425,485.24194000000006,0.0,18.860187873190927,0.08240333668704235,False,True,stable
101,819.96289,20.17536,214.28578000000002,0.0,20.172975653661037,0.10896742820901462,False,True,stable
102,819.99377,25.05924,1171.36952,0.0,25.04709575278906,0.07408765218404476,False,True,stable
102,819.99377,16.53704,976.5841200000001,0.0,16.535013756586473,0.07591012162743803,False,True,stable
102,819.99377,18.86425,484.00336000000004,0.0,18.860219530677302,0.08240601400325133,False,False,stable
102,819.99377,20.17536,214.4384,0.0,20.172860467167517,0.1086550211451493,False,False,stable
103,819.98511,25.05924,1195.7973599999998,0.0,25.046992041930608,0.07399834060535271,False,True,stable
103,819.98511,16.53704,988.32048,0.0,16.534995938848283,0.0758929282186605,False,True,stable
103,819.98511,18.86425,490.5604399999999,0.0,18.860303534417454,0.08241399004517849,False,True,stable
103,819.98511,20.17536,217.84526,0.0,20.172788451548715,0.10852537966982086,False,False,stable
104,819.98022,25.05924,1193.56114,0.0,25.046983935636902,0.07396191850594902,False,True,stable
104,819.98022,16.53704,986.4938199999999,0.0,16.53503412693932,0.07579666973753707,False,True,stable
104,819.98022,18.86425,489.0305399999999,0.0,18.86020494709489,0.08233406898887743,False,True,stable
104,819.98022,20.17536,216.92592,0.0,20.172921195262976,0.10855786285922929,False,True,stable
105,819.97137,25.05924,1192.82412,0.0,25.04695061060905,0.07401159760060522,False,True,stable
105,819.97137,16.53704,986.65744,0.0,16.53491336051966,0.0757515125816981,False,False,stable
105,819.97137,18.86425,489.1496800000001,0.0,18.86017356567756,0.08237699720403192,False,False,stable
105,819.97137,20.17536,217.13595999999998,0.0,20.17248804800185,0.1082269988026574,False,False,stable
106,819.98431,25.05924,1191.2715,0.0,25.047281719574716,0.07386637123468057,False,True,stable
106,819.98431,16.53704,985.84706,0.0,16.535082137979224,0.07571564174538678,False,False,stable
106,819.98431,18.86425,487.17248000000006,0.0,18.860125848418267,0.0823835166797011,False,True,stable
106,819.98431,20.17536,216.23404,0.0,20.173230343085677,0.10851235749405966,False,False,stable
107,819.97827,25.05924,1188.78498,0.0,25.046993449622803,0.07384711430679285,False,True,stable
107,819.97827,16.53704,982.74072,0.0,16.535144930603604,0.0757056159736208,False,True,stable
107,819.97827,18.86425,486.20734000000004,0.0,18.860464536519626,0.08227002544634891,False,False,stable
107,819.97827,20.17536,215.83667999999997,0.0,20.17314696598728,0.10847385196378768,False,False,stable
108,819.99731,25.05924,1187.0766800000001,0.0,25.046685254725066,0.07384878227660693,False,True,stable
108,819.99731,16.53704,983.4852199999999,0.0,16.534926286733835,0.07571049007997596,False,False,stable
108,819.99731,18.86425,486.66028000000006,0.0,18.860001256147278,0.08235108652881766,False,False,stable
108,819.99731,20.17536,215.40328,0.0,20.172858900220163,0.10891119442106949,False,False,stable
109,820.02063,25.05924,1183.90036,0.0,25.047208665113818,0.07394542054384362,False,True,stable
109,820.02063,16.53704,979.4431600000001,0.0,16.535150751484416,0.07565886527173882,False,True,stable
109,820.02063,18.86425,485.71486000000004,0.0,18.860424857541634,0.08223991447619126,False,False,stable
109,820.02063,20.17536,214.95596,0.0,20.17281707898827,0.10879065209774692,False,False,stable
110,819.99377,25.05924,1186.5067999999999,0.0,25.046830115521356,0.07384679785654533,False,True,stable
110,819.99377,16.53704,980.05252,0.0,16.534938880091314,0.07566876273331866,False,False,stable
110,819.99377,18.86425,485.32752,0.0,18.860021423101383,0.08213828323175128,False,False,stable
110,819.99377,20.17536,215.30226000000002,0.0,20.172987538903154,0.10833516663115504,False,False,stable
111,820.0072,25.05924,1194.78224,0.0,25.047038693226813,0.07376573069432847,False,True,stable
111,820.0072,16.53704,992.0216999999999,0.0,16.535195415181114,0.07563413390620224,False,True,stable
111,820.0072,18.86425,490.1309600000001,0.0,18.860291640207574,0.08221498370620944,False,True,stable
111,820.0072,20.17536,217.72802000000001,0.0,20.173273340062376,0.10836668192994536,False,False,stable
112,820.00427,25.05924,1193.3584399999997,0.0,25.046981464506818,0.07378867349900964,False,True,stable
112,820.00427,16.53704,991.1715199999999,0.0,16.53536592021574,0.07559309108328245,False,False,stable
112,820.00427,18.86425,490.0759,0.0,18.860429759818636,0.08215522576286136,False,False,stable
112,820.00427,20.17536,217.34324,0.0,20.173107316383444,0.10856009142813912,False,False,stable
113,819.96558,25.05924,1196.54496,0.0,25.046861689665807,0.073721615375648,False,True,stable
113,819.96558,16.53704,988.24534,0.0,16.535096259267444,0.07559024273365825,False,True,stable
113,819.96558,18.86425,487.62342,0.0,18.86005120136302,0.08218808825820312,False,True,stable
113,819.96558,20.17536,216.9029,0.0,20.173127640605813,0.1081932818989574,False,False,stable
114,819.99219,25.05924,1196.6384,0.0,25.047122342078158,0.0737673688457662,False,False,stable
114,819.99219,16.53704,989.2218999999999,0.0,16.53521971941594,0.07555014472880207,False,True,stable
114,819.99219,18.86425,488.9526400000001,0.0,18.86043972718002,0.08210843653593067,False,True,stable
114,819.99219,20.17536,216.25719999999995,0.0,20.173391532704322,0.10823771540893005,False,False,stable
115,819.97839,25.05924,1192.47218,0.0,25.04746667392944,0.07357805031073264,False,True,stable
115,819.97839,16.53704,984.7389800000001,0.0,16.535398101687253,0.07553693468820252,False,True,stable
115,819.97839,18.86425,486.99986,0.0,18.86054418426144,0.08203576638005446,False,True,stable
115,819.97839,20.17536,215.92271999999997,0.0,20.172714170202433,0.10842137198698544,False,False,stable
116,819.97443,25.05924,1189.8815599999998,0.0,25.047072695542273,0.07363487051376665,False,True,stable
116,819.97443,16.53704,982.8636,0.0,16.535186618753983,0.07553342133150885,False,True,stable
116,819.97443,18.86425,484.81832,0.0,18.86023751770021,0.08215688364328755,False,True,stable
116,819.97443,20.17536,214.70084000000003,0.0,20.173169834942435,0.10871439780644108,False,False,stable
117,820.01453,25.05924,1190.97758,0.0,25.04742117931426,0.07370146349457005,False,True,stable
117,820.01453,16.53704,983.9519199999999,0.0,16.535341030956843,0.07551843469244506,False,True,stable
117,820.01453,18.86425,486.3895799999999,0.0,18.860534872058476,0.08208109941891067,False,True,stable
117,820.01453,20.17536,215.48945999999995,0.0,20.17356868912134,0.1082751248685996,False,False,stable
118,819.98621,25.05924,1194.46292,0.0,25.047229720103015,0.0736057715138512,False,True,stable
118,819.98621,16.53704,981.12938,0.0,16.535340498363283,0.07555090763949456,False,True,stable
118,819.98621,18.86425,483.96543999999994,0.0,18.860522654209152,0.08205617046132847,False,True,stable
118,819.98621,20.17536,215.59588,0.0,20.173287466520204,0.10795432702410811,False,False,stable
119,819.97699,25.05924,1194.95318,0.0,25.047303839030157,0.07361979902866436,False,False,stable
119,819.97699,16.53704,986.9947400000001,0.0,16.535264099649535,0.07549253468519478,False,True,stable
119,819.97699,18.86425,487.27322000000004,0.0,18.860394536116114,0.08204235373737455,False,True,stable
119,819.97699,20.17536,215.86327999999997,0.0,20.172917656130096,0.10813479970470516,False,False,stable
120,819.97662,25.05924,1195.7288,0.0,25.047134847119185,0.07359099217858564,False,False,stable
120,819.97662,16.53704,992.5661,0.0,16.535248393899394,0.07544205355500369,False,True,stable
120,819.97662,18.86425,488.19182,0.0,18.86026859068832,0.08205467422703773,False,False,stable
120,819.97662,20.17536,216.70110000000005,0.0,20.173319177536072,0.10831271937448012,False,False,stable
121,819.96753,25.05924,1199.58502,0.0,25.0471571707835,0.07354866928705152,False,True,stable
121,819.96753,16.53704,991.22186,0.0,16.53536242873012,0.07543274736936552,False,True,stable
121,819.96753,18.86425,486.8738,0.0,18.86051527061845,0.08214122872133985,False,True,stable
121,819.96753,20.17536,217.70002000000005,0.0,20.17361416529003,0.10805970151427498,False,True,stable
122,819.98132,25.05924,1196.3270200000002,0.0,25.047158178344915,0.07352715011544438,False,True,stable
122,819.98132,16.53704,992.0469999999999,0.0,16.535245894062435,0.07538959515688201,False,False,stable
122,819.98132,18.86425,486.7210800000001,0.0,18.86047068650279,0.08199634216382815,False,False,stable
122,819.98132,20.17536,216.32852000000003,0.0,20.17314984682874,0.10793239452148322,False,True,stable
123,820.01562,25.05924,1191.3137,0.0,25.047207973486078,0.0734941029658788,False,True,stable
123,820.01562,16.53704,988.3971599999999,0.0,16.53543051453309,0.07536121726913236,False,True,stable
123,820.01562,18.86425,486.62420000000003,0.0,18.860487898656615,0.08200347709758654,False,False,stable
123,820.01562,20.17536,215.49829999999997,0.0,20.17347433809519,0.10821269311054407,False,False,stable
124,820.0481,25.05924,1192.3281200000001,0.0,25.04724649459767,0.07345269420748284,False,True,stable
124,820.0481,16.53704,986.13336,0.0,16.535462522397136,0.07549512149040415,False,True,stable
124,820.0481,18.86425,487.52668000000006,0.0,18.860589114934758,0.08197154796699954,False,True,stable
124,820.0481,20.17536,216.64018000000002,0.0,20.17345271241665,0.10782649248064002,False,True,stable
125,820.00781,25.05924,1190.45812,0.0,25.04714070986381,0.0734580539400615,False,True,stable
125,820.00781,16.53704,985.6711600000001,0.0,16.535409252302404,0.07540527408261004,False,False,stable
125,820.00781,18.86425,485.032,0.0,18.860377139586635,0.08182011682950442,False,True,stable
125,820.00781,20.17536,215.85215999999997,0.0,20.173411829680465,0.1079443605232975,False,False,stable
126,820.00891,25.05924,1190.6653600000002,0.0,25.047357829451308,0.07350242733711447,False,False,stable
126,820.00891,16.53704,983.6926599999999,0.0,16.535407715353244,0.07538736761533199,False,True,stable
126,820.00891,18.86425,483.58680000000004,0.0,18.860301860133365,0.08193231591590684,False,True,stable
126,820.00891,20.17536,215.60028000000003,0.0,20.173292289034755,0.10814658421972986,False,False,stable
127,819.99768,25.05924,1188.0710000000001,0.0,25.047135004711166,0.07343708289025133,False,True,stable
127,819.99768,16.53704,981.8401799999999,0.0,16.535258699394717,0.07546823580238639,False,True,stable
127,819.99768,18.86425,485.64362,0.0,18.860209714763574,0.081957212472954,False,True,stable
127,819.99768,20.17536,214.60896000000002,0.0,20.173176210445448,0.10811421524669641,False,False,stable
128,819.99829,25.05924,1206.9147799999998,0.0,25.04752427819175,0.07346082918352258,False,True,stable
128,819.99829,16.53704,992.8232599999999,0.0,16.535398275039405,0.0753696084822638,False,True,stable
128,819.99829,18.86425,491.28015999999997,0.0,18.860396579585576,0.08186461373629046,False,True,stable
128,819.99829,20.17536,217.14006,0.0,20.173487556992484,0.10803137741625869,False,False,stable
129,819.99231,25.05924,1203.13272,0.0,25.0474947787725,0.07333726313916063,False,True,stable
129,819.99231,16.53704,991.14,0.0,16.535541738489503,0.07543141706794561,False,True,stable
129,819.99231,18.86425,490.18292,0.0,18.860680559616533,0.08190223905656203,False,True,stable
129,819.99231,20.17536,217.30106,0.0,20.173650190069246,0.10815257766974673,False,False,stable
130,820.04498,25.05924,1194.22608,0.0,25.047347976430615,0.07341447158414748,False,True,stable
130,820.04498,16.53704,989.1908599999999,0.0,16.535419797032446,0.07534371117053928,False,True,stable
130,820.04498,18.86425,488.26611999999994,0.0,18.86022552167646,0.08189345532379069,False,True,stable
130,820.04498,20.17536,216.48201999999998,0.0,20.173369804528598,0.10820511459232975,False,False,stable
131,None,25.05924,240.84454999999997,0.0,25.047425394957777,0.07346289032590692,False,True,shrinking
131,None,16.53704,197.49581600000002,0.0,16.535408949021075,0.07537116173814844,False,True,shrinking
131,None,18.86425,97.77656199999998,0.0,18.86055090607662,0.08182391479259851,False,True,shrinking
131,None,20.17536,43.241912,0.0,20.173261709077327,0.10829217271326728,False,False,shrinking
